{
    "accuracy": 0.9721577726218097,
    "precision": 0.9166666666666666,
    "recall": 0.8870967741935484,
    "f1_score": 0.9016393442622951,
    "roc_auc": 0.9810638070538411
}
